{
  "ImGui_MainBg": {
    "X": 0.48247567,
    "Y": 0.48372096,
    "Z": 0.44547325,
    "W": 1
  },
  "ImGui_ChildBg": {
    "X": 0.40930235,
    "Y": 0.40885964,
    "Z": 0.39026502,
    "W": 1
  },
  "ImGui_PopupBg": {
    "X": 0.34751657,
    "Y": 0.3488372,
    "Z": 0.30827475,
    "W": 1
  },
  "ImGui_Border": {
    "X": 0.37491855,
    "Y": 0.3767442,
    "Z": 0.32067066,
    "W": 1
  },
  "ImGui_TitleBarBg": {
    "X": 0.38604653,
    "Y": 0.38466853,
    "Z": 0.32679287,
    "W": 1
  },
  "ImGui_TitleBarBg_Active": {
    "X": 0.46921512,
    "Y": 0.47441858,
    "Z": 0.38836125,
    "W": 1
  },
  "ImGui_MenuBarBg": {
    "X": 0.27801275,
    "Y": 0.2837209,
    "Z": 0.24413194,
    "W": 1
  },
  "Imgui_Moveable_MainBg": {
    "X": 0.29507923,
    "Y": 0.29767442,
    "Z": 0.25475392,
    "W": 1
  },
  "Imgui_Moveable_ChildBg": {
    "X": 0.24186045,
    "Y": 0.24097097,
    "Z": 0.20361276,
    "W": 1
  },
  "Imgui_Moveable_ChildBgSecondary": {
    "X": 0.24313726,
    "Y": 0.23921569,
    "Z": 0.20392157,
    "W": 1
  },
  "Imgui_Moveable_TitleBg": {
    "X": 0.3647059,
    "Y": 0.3647059,
    "Z": 0.28627452,
    "W": 1
  },
  "Imgui_Moveable_TitleBg_Active": {
    "X": 0.3627907,
    "Y": 0.3627907,
    "Z": 0.28517038,
    "W": 1
  },
  "Imgui_Moveable_Header": {
    "X": 0.3647059,
    "Y": 0.3647059,
    "Z": 0.28627452,
    "W": 1
  },
  "ImGui_ScrollbarBg": {
    "X": 0.30697674,
    "Y": 0.30522352,
    "Z": 0.27270955,
    "W": 1
  },
  "ImGui_ScrollbarGrab": {
    "X": 0.5069767,
    "Y": 0.50094455,
    "Z": 0.38907516,
    "W": 1
  },
  "ImGui_ScrollbarGrab_Hover": {
    "X": 0.62623596,
    "Y": 0.6325581,
    "Z": 0.43837747,
    "W": 1
  },
  "ImGui_ScrollbarGrab_Active": {
    "X": 0.67441857,
    "Y": 0.660529,
    "Z": 0.49875605,
    "W": 1
  },
  "ImGui_SliderGrab": {
    "X": 0.5058824,
    "Y": 0.5019608,
    "Z": 0.3882353,
    "W": 1
  },
  "ImGui_SliderGrab_Active": {
    "X": 0.6745098,
    "Y": 0.65882355,
    "Z": 0.49803922,
    "W": 1
  },
  "ImGui_Tab": {
    "X": 0.30588236,
    "Y": 0.30588236,
    "Z": 0.27450982,
    "W": 1
  },
  "ImGui_Tab_Hover": {
    "X": 0.31627905,
    "Y": 0.31211105,
    "Z": 0.1912385,
    "W": 1
  },
  "ImGui_Tab_Active": {
    "X": 0.3627907,
    "Y": 0.3525538,
    "Z": 0.20923743,
    "W": 1
  },
  "ImGui_UnfocusedTab": {
    "X": 0.3534884,
    "Y": 0.34998092,
    "Z": 0.24826394,
    "W": 1
  },
  "ImGui_UnfocusedTab_Active": {
    "X": 0.30697674,
    "Y": 0.3006944,
    "Z": 0.21274202,
    "W": 1
  },
  "ImGui_Button": {
    "X": 0.33953488,
    "Y": 0.24404643,
    "Z": 0.17529476,
    "W": 1
  },
  "ImGui_Button_Hovered": {
    "X": 0.39069766,
    "Y": 0.25774634,
    "Z": 0.19080584,
    "W": 1
  },
  "ImGui_ButtonActive": {
    "X": 0.5023256,
    "Y": 0.26482803,
    "Z": 0.17289346,
    "W": 1
  },
  "ImGui_Selection": {
    "X": 0.34483948,
    "Y": 0.3534884,
    "Z": 0.2104489,
    "W": 1
  },
  "ImGui_Selection_Hover": {
    "X": 0.21915558,
    "Y": 0.227907,
    "Z": 0.1526447,
    "W": 1
  },
  "ImGui_Selection_Active": {
    "X": 0.29767442,
    "Y": 0.28442797,
    "Z": 0.13014603,
    "W": 1
  },
  "ImGui_Input_Background": {
    "X": 0.2,
    "Y": 0.2,
    "Z": 0.216,
    "W": 1
  },
  "ImGui_Input_Background_Hover": {
    "X": 0.247,
    "Y": 0.247,
    "Z": 0.275,
    "W": 1
  },
  "ImGui_Input_Background_Active": {
    "X": 0.2,
    "Y": 0.2,
    "Z": 0.216,
    "W": 1
  },
  "ImGui_Input_CheckMark": {
    "X": 1,
    "Y": 1,
    "Z": 1,
    "W": 1
  },
  "ImGui_Input_Conflict_Background": {
    "X": 0.25,
    "Y": 0.2,
    "Z": 0.2,
    "W": 1
  },
  "ImGui_Input_Vanilla_Background": {
    "X": 0.2,
    "Y": 0.22,
    "Z": 0.2,
    "W": 1
  },
  "ImGui_Input_Default_Background": {
    "X": 0.18,
    "Y": 0.18,
    "Z": 0.196,
    "W": 1
  },
  "ImGui_Input_AuxVanilla_Background": {
    "X": 0.2,
    "Y": 0.2,
    "Z": 0.35,
    "W": 1
  },
  "ImGui_Input_DiffCompare_Background": {
    "X": 0.2,
    "Y": 0.2,
    "Z": 0.35,
    "W": 1
  },
  "ImGui_MultipleInput_Background": {
    "X": 0,
    "Y": 0.5,
    "Z": 0,
    "W": 0.1
  },
  "ImGui_ErrorInput_Background": {
    "X": 0.8,
    "Y": 0.2,
    "Z": 0.2,
    "W": 1
  },
  "ImGui_Default_Text_Color": {
    "X": 0.9,
    "Y": 0.9,
    "Z": 0.9,
    "W": 1
  },
  "ImGui_Warning_Text_Color": {
    "X": 1,
    "Y": 0,
    "Z": 0,
    "W": 1
  },
  "ImGui_Benefit_Text_Color": {
    "X": 0,
    "Y": 1,
    "Z": 0,
    "W": 1
  },
  "ImGui_Invalid_Text_Color": {
    "X": 1,
    "Y": 0.3,
    "Z": 0.3,
    "W": 1
  },
  "ImGui_ParamRef_Text": {
    "X": 1,
    "Y": 0.5,
    "Z": 0.5,
    "W": 1
  },
  "ImGui_ParamRefMissing_Text": {
    "X": 0,
    "Y": 0,
    "Z": 0,
    "W": 1
  },
  "ImGui_ParamRefInactive_Text": {
    "X": 0.7,
    "Y": 0.7,
    "Z": 0.7,
    "W": 1
  },
  "ImGui_EnumName_Text": {
    "X": 1,
    "Y": 1,
    "Z": 0,
    "W": 1
  },
  "ImGui_EnumValue_Text": {
    "X": 1,
    "Y": 0.5,
    "Z": 0.5,
    "W": 1
  },
  "ImGui_FmgLink_Text": {
    "X": 1,
    "Y": 1,
    "Z": 0,
    "W": 1
  },
  "ImGui_FmgRef_Text": {
    "X": 1,
    "Y": 0.5,
    "Z": 0.5,
    "W": 1
  },
  "ImGui_FmgRefInactive_Text": {
    "X": 0.7,
    "Y": 0.7,
    "Z": 0.7,
    "W": 1
  },
  "ImGui_IsRef_Text": {
    "X": 1,
    "Y": 0.5,
    "Z": 1,
    "W": 1
  },
  "ImGui_VirtualRef_Text": {
    "X": 1,
    "Y": 0.75,
    "Z": 1,
    "W": 1
  },
  "ImGui_Ref_Text": {
    "X": 1,
    "Y": 0.75,
    "Z": 0.75,
    "W": 1
  },
  "ImGui_AuxConflict_Text": {
    "X": 1,
    "Y": 0.7,
    "Z": 0.7,
    "W": 1
  },
  "ImGui_AuxAdded_Text": {
    "X": 0.7,
    "Y": 0.7,
    "Z": 1,
    "W": 1
  },
  "ImGui_PrimaryChanged_Text": {
    "X": 0.7,
    "Y": 1,
    "Z": 0.7,
    "W": 1
  },
  "ImGui_ParamRow_Text": {
    "X": 0.8,
    "Y": 0.8,
    "Z": 0.8,
    "W": 1
  },
  "ImGui_AliasName_Text": {
    "X": 1,
    "Y": 0.9767442,
    "Z": 0,
    "W": 1
  },
  "ImGui_Logger_Information_Color": {
    "X": 0,
    "Y": 1,
    "Z": 0,
    "W": 1
  },
  "ImGui_Logger_Warning_Color": {
    "X": 1,
    "Y": 0,
    "Z": 0,
    "W": 1
  },
  "ImGui_Logger_Error_Color": {
    "X": 1,
    "Y": 0.5,
    "Z": 0.5,
    "W": 1
  },
  "DisplayGroupEditor_Border_Highlight": {
    "X": 0.5395349,
    "Y": 0.30615467,
    "Z": 0.30615467,
    "W": 1
  },
  "DisplayGroupEditor_DisplayActive_Frame": {
    "X": 0.53488374,
    "Y": 0.2686858,
    "Z": 0.2686858,
    "W": 1
  },
  "DisplayGroupEditor_DisplayActive_Checkbox": {
    "X": 0.62325585,
    "Y": 0.26669553,
    "Z": 0.26669553,
    "W": 1
  },
  "DisplayGroupEditor_DrawActive_Frame": {
    "X": 0.02,
    "Y": 0.3,
    "Z": 0.02,
    "W": 1
  },
  "DisplayGroupEditor_DrawActive_Checkbox": {
    "X": 0.2,
    "Y": 1,
    "Z": 0.2,
    "W": 1
  },
  "DisplayGroupEditor_CombinedActive_Frame": {
    "X": 0.4,
    "Y": 0.4,
    "Z": 0.06,
    "W": 1
  },
  "DisplayGroupEditor_CombinedActive_Checkbox": {
    "X": 1,
    "Y": 1,
    "Z": 0.02,
    "W": 1
  },
  "ImGui_TextEditor_ModifiedTextEntry_Text": {
    "X": 1,
    "Y": 1,
    "Z": 0,
    "W": 1
  },
  "ImGui_TextEditor_UniqueTextEntry_Text": {
    "X": 0.409,
    "Y": 0.967,
    "Z": 0.693,
    "W": 1
  },
  "ImGui_TimeAct_InfoText_1_Color": {
    "X": 1,
    "Y": 1,
    "Z": 0,
    "W": 1
  },
  "ImGui_TimeAct_InfoText_2_Color": {
    "X": 0.409,
    "Y": 0.967,
    "Z": 0.693,
    "W": 1
  },
  "ImGui_TimeAct_InfoText_3_Color": {
    "X": 0.237,
    "Y": 0.925,
    "Z": 1,
    "W": 1
  },
  "ImGui_TimeAct_InfoText_4_Color": {
    "X": 1,
    "Y": 0.47,
    "Z": 0.884,
    "W": 1
  }
}