{
    "id": 2,
    "name": "Light",
    "ImGui_MainBg": [
        0.7813953,
        0.7813953,
        0.7813953,
        1
    ],
    "ImGui_ChildBg": [
        0.7069768,
        0.7069768,
        0.7069768,
        1
    ],
    "ImGui_PopupBg": [
        0.82790697,
        0.82790697,
        0.82790697,
        1
    ],
    "ImGui_Border": [
        0.7860465,
        0.7860465,
        0.7860465,
        1
    ],
    "ImGui_TitleBarBg": [
        0.6465116,
        0.6465116,
        0.6465116,
        1
    ],
    "ImGui_TitleBarBg_Active": [
        0.5395349,
        0.5395349,
        0.5395349,
        1
    ],
    "ImGui_MenuBarBg": [
        0.6651163,
        0.6651163,
        0.6651163,
        1
    ],
    "Imgui_Moveable_MainBg": [
        0.627907,
        0.627907,
        0.627907,
        1
    ],
    "Imgui_Moveable_ChildBg": [
        0.67441857,
        0.67441857,
        0.67441857,
        1
    ],
    "Imgui_Moveable_ChildBgSecondary": [0.6, 0.6, 0.6, 1.0],
    "Imgui_Moveable_TitleBg": [
        0.7627907,
        0.7592428,
        0.7592428,
        1
    ],
    "Imgui_Moveable_TitleBg_Active": [
        0.71627903,
        0.70961595,
        0.70961595,
        1
    ],
    "Imgui_Moveable_Header": [
        0.29378045,
        0.29378048,
        0.45116282,
        0.4
    ],
    "ImGui_ScrollbarBg": [
        0.66976744,
        0.66976744,
        0.66976744,
        1
    ],
    "ImGui_ScrollbarGrab": [
        0.5023256,
        0.5023256,
        0.5023256,
        1
    ],
    "ImGui_ScrollbarGrab_Hover": [
        0.635,
        0.635,
        0.635,
        1
    ],
    "ImGui_ScrollbarGrab_Active": [
        1,
        1,
        1,
        1
    ],
    "ImGui_SliderGrab": [
        0.635,
        0.635,
        0.635,
        1
    ],
    "ImGui_SliderGrab_Active": [
        1,
        1,
        1,
        1
    ],
    "ImGui_Tab": [
        0.77209306,
        0.76131964,
        0.76131964,
        1
    ],
    "ImGui_Tab_Hover": [
        0.5781287,
        0.5967248,
        0.6093023,
        1
    ],
    "ImGui_Tab_Active": [
        0.70355874,
        0.72619796,
        0.74883723,
        1
    ],
    "ImGui_UnfocusedTab": [
        0.7303407,
        0.73859465,
        0.74418604,
        1
    ],
    "ImGui_UnfocusedTab_Active": [
        0.6819687,
        0.6851978,
        0.68837214,
        1
    ],
    "ImGui_Button": [
        0.6782044,
        0.6782044,
        0.6976744,
        1
    ],
    "ImGui_Button_Hovered": [
        0.7603029,
        0.7603029,
        0.76744187,
        1
    ],
    "ImGui_ButtonActive": [
        0.7777609,
        0.7795781,
        0.7813953,
        1
    ],
    "ImGui_Selection": [
        0.6372093,
        0.6372093,
        0.6372093,
        1
    ],
    "ImGui_Selection_Hover": [
        0.6739859,
        0.7097946,
        0.7209302,
        1
    ],
    "ImGui_Selection_Active": [
        0.7014386,
        0.741417,
        0.7813953,
        1
    ],
    "ImGui_Input_Background": [
        0.8465116,
        0.8465116,
        0.8465116,
        1
    ],
    "ImGui_Input_Background_Hover": [
        0.9906977,
        0.9906977,
        0.9906977,
        1
    ],
    "ImGui_Input_Background_Active": [
        0.89767444,
        0.89767444,
        0.89767444,
        1
    ],
    "ImGui_Input_CheckMark": [
        0.3767442,
        0.3767442,
        0.3767442,
        1
    ],
    "ImGui_Input_Conflict_Background": [
        0.8744186,
        0.71987015,
        0.71987015,
        1
    ],
    "ImGui_Input_Vanilla_Background": [
        0.8012115,
        0.8744186,
        0.8012115,
        1
    ],
    "ImGui_Input_Default_Background": [
        0.8015143,
        0.8015143,
        0.88372093,
        1
    ],
    "ImGui_Input_AuxVanilla_Background": [
        0.6605733,
        0.6605733,
        0.9162791,
        1
    ],
    "ImGui_Input_DiffCompare_Background": [
        0.59785825,
        0.59785837,
        0.9116279,
        1
    ],
    "ImGui_MultipleInput_Background": [
        0,
        0.5,
        0,
        0.1
    ],
    "ImGui_ErrorInput_Background": [
        0.8,
        0.2,
        0.2,
        1
    ],
    "ImGui_Default_Text_Color": [
        0,
        0,
        0,
        1
    ],
    "ImGui_Warning_Text_Color": [
        1,
        0,
        0,
        1
    ],
    "ImGui_Benefit_Text_Color": [
        0.44824228,
        0.52093023,
        0.44824228,
        1
    ],
    "ImGui_Invalid_Text_Color": [
        1,
        0.3,
        0.3,
        1
    ],
    "ImGui_TimeAct_InfoText_1_Color": [
        1,
        1,
        0,
        1
    ],
    "ImGui_TimeAct_InfoText_2_Color": [
        0.409,
        0.967,
        0.693,
        1
    ],
    "ImGui_TimeAct_InfoText_3_Color": [
        0.237,
        0.925,
        1,
        1
    ],
    "ImGui_TimeAct_InfoText_4_Color": [
        1,
        0.47,
        0.884,
        1
    ],
    "ImGui_ParamRef_Text": [
        0.36744183,
        0,
        0,
        1
    ],
    "ImGui_ParamRefMissing_Text": [
        0,
        0,
        0,
        1
    ],
    "ImGui_ParamRefInactive_Text": [
        0.31162792,
        0.30872905,
        0.30872905,
        1
    ],
    "ImGui_EnumName_Text": [
        0.35813951,
        0.35813951,
        0.0049973023,
        1
    ],
    "ImGui_EnumValue_Text": [
        0.44651163,
        0.004153593,
        0.004153593,
        1
    ],
    "ImGui_FmgLink_Text": [
        0.38139534,
        0.38139534,
        0,
        1
    ],
    "ImGui_FmgRef_Text": [
        0.572093,
        0.29535967,
        0.29535967,
        1
    ],
    "ImGui_FmgRefInactive_Text": [
        0.33023256,
        0.3240887,
        0.3240887,
        1
    ],
    "ImGui_IsRef_Text": [
        0.4139533,
        0.0500595,
        0.41395348,
        1
    ],
    "ImGui_VirtualRef_Text": [
        0.57674414,
        0.4399351,
        0.5767442,
        1
    ],
    "ImGui_Ref_Text": [
        0.5488372,
        0.21698214,
        0.21698214,
        1
    ],
    "ImGui_AuxConflict_Text": [
        0.5534884,
        0.39130342,
        0.39130342,
        1
    ],
    "ImGui_AuxAdded_Text": [
        0.38035694,
        0.43651712,
        0.5488372,
        1
    ],
    "ImGui_PrimaryChanged_Text": [
        0.39264464,
        0.5627907,
        0.39264464,
        1
    ],
    "ImGui_ParamRow_Text": [
        0.46976745,
        0.46976745,
        0.46976745,
        1
    ],
    "ImGui_AliasName_Text": [
        0.124506235,
        0.04997296,
        0.35813951,
        1
    ],
    "DisplayGroupEditor_Border_Highlight": [
        1,
        0.2,
        0.2,
        1
    ],
    "DisplayGroupEditor_DisplayActive_Frame": [
        0.4,
        0.06,
        0.06,
        1
    ],
    "DisplayGroupEditor_DisplayActive_Checkbox": [
        1,
        0.2,
        0.2,
        1
    ],
    "DisplayGroupEditor_DrawActive_Frame": [
        0.02,
        0.3,
        0.02,
        1
    ],
    "DisplayGroupEditor_DrawActive_Checkbox": [
        0.2,
        1,
        0.2,
        1
    ],
    "DisplayGroupEditor_CombinedActive_Frame": [
        0.4,
        0.4,
        0.06,
        1
    ],
    "DisplayGroupEditor_CombinedActive_Checkbox": [
        1,
        1,
        0,
        1
    ]
}