{
  "ImGui_MainBg": {
    "X": 0.49302328,
    "Y": 0.25683072,
    "Z": 0.25683072,
    "W": 1
  },
  "ImGui_ChildBg": {
    "X": 0.38139534,
    "Y": 0.20577611,
    "Z": 0.20577611,
    "W": 1
  },
  "ImGui_PopupBg": {
    "X": 0.37209302,
    "Y": 0.16614386,
    "Z": 0.16614386,
    "W": 1
  },
  "ImGui_Border": {
    "X": 0.68837214,
    "Y": 0.29776096,
    "Z": 0.29776096,
    "W": 1
  },
  "ImGui_TitleBarBg": {
    "X": 0.3534884,
    "Y": 0.14468363,
    "Z": 0.14468363,
    "W": 1
  },
  "ImGui_TitleBarBg_Active": {
    "X": 0.46511626,
    "Y": 0.17955652,
    "Z": 0.17955652,
    "W": 1
  },
  "ImGui_MenuBarBg": {
    "X": 0.29302323,
    "Y": 0.12811248,
    "Z": 0.12811248,
    "W": 1
  },
  "Imgui_Moveable_MainBg": {
    "X": 0.31627905,
    "Y": 0.113272026,
    "Z": 0.113272026,
    "W": 1
  },
  "Imgui_Moveable_ChildBg": {
    "X": 0.39999998,
    "Y": 0.15627906,
    "Z": 0.15627906,
    "W": 1
  },
  "Imgui_Moveable_ChildBgSecondary": {
    "X": 0.427907,
    "Y": 0.14528935,
    "Z": 0.14528935,
    "W": 1
  },
  "Imgui_Moveable_TitleBg": {
    "X": 0.53333336,
    "Y": 0.25882354,
    "Z": 0.25882354,
    "W": 1
  },
  "Imgui_Moveable_TitleBg_Active": {
    "X": 0.53488374,
    "Y": 0.25873446,
    "Z": 0.25873446,
    "W": 1
  },
  "Imgui_Moveable_Header": {
    "X": 0.53333336,
    "Y": 0.25882354,
    "Z": 0.25882354,
    "W": 1
  },
  "ImGui_ScrollbarBg": {
    "X": 0.48372096,
    "Y": 0.20473771,
    "Z": 0.20473771,
    "W": 1
  },
  "ImGui_ScrollbarGrab": {
    "X": 0.8232558,
    "Y": 0.4361608,
    "Z": 0.30632773,
    "W": 1
  },
  "ImGui_ScrollbarGrab_Hover": {
    "X": 0.6651163,
    "Y": 0.43327165,
    "Z": 0.28460792,
    "W": 1
  },
  "ImGui_ScrollbarGrab_Active": {
    "X": 0.8232558,
    "Y": 0.5488431,
    "Z": 0.27186587,
    "W": 1
  },
  "ImGui_SliderGrab": {
    "X": 0.85490197,
    "Y": 0.43529412,
    "Z": 0.30588236,
    "W": 1
  },
  "ImGui_SliderGrab_Active": {
    "X": 0.8235294,
    "Y": 0.54901963,
    "Z": 0.27058825,
    "W": 1
  },
  "ImGui_Tab": {
    "X": 0.6,
    "Y": 0.23637858,
    "Z": 0.1144186,
    "W": 1
  },
  "ImGui_Tab_Hover": {
    "X": 0.75813955,
    "Y": 0.33828852,
    "Z": 0.19746892,
    "W": 1
  },
  "ImGui_Tab_Active": {
    "X": 0.75348836,
    "Y": 0.27127212,
    "Z": 0.15420228,
    "W": 1
  },
  "ImGui_UnfocusedTab": {
    "X": 0.5395349,
    "Y": 0.2139319,
    "Z": 0.10539753,
    "W": 1
  },
  "ImGui_UnfocusedTab_Active": {
    "X": 0.68372095,
    "Y": 0.24399452,
    "Z": 0.13674419,
    "W": 1
  },
  "ImGui_Button": {
    "X": 0.47441858,
    "Y": 0.13901566,
    "Z": 0.13901566,
    "W": 1
  },
  "ImGui_Button_Hovered": {
    "X": 0.6372093,
    "Y": 0.16300704,
    "Z": 0.16300704,
    "W": 1
  },
  "ImGui_ButtonActive": {
    "X": 0.6418605,
    "Y": 0.08956193,
    "Z": 0.08956193,
    "W": 1
  },
  "ImGui_Selection": {
    "X": 0.39999998,
    "Y": 0.27997836,
    "Z": 0.12837209,
    "W": 1
  },
  "ImGui_Selection_Hover": {
    "X": 0.52558136,
    "Y": 0.37277904,
    "Z": 0.15645212,
    "W": 1
  },
  "ImGui_Selection_Active": {
    "X": 0.5395349,
    "Y": 0.3986547,
    "Z": 0.1129259,
    "W": 1
  },
  "ImGui_Input_Background": {
    "X": 0.2,
    "Y": 0.2,
    "Z": 0.216,
    "W": 1
  },
  "ImGui_Input_Background_Hover": {
    "X": 0.247,
    "Y": 0.247,
    "Z": 0.275,
    "W": 1
  },
  "ImGui_Input_Background_Active": {
    "X": 0.2,
    "Y": 0.2,
    "Z": 0.216,
    "W": 1
  },
  "ImGui_Input_CheckMark": {
    "X": 1,
    "Y": 1,
    "Z": 1,
    "W": 1
  },
  "ImGui_Input_Conflict_Background": {
    "X": 0.25,
    "Y": 0.2,
    "Z": 0.2,
    "W": 1
  },
  "ImGui_Input_Vanilla_Background": {
    "X": 0.2,
    "Y": 0.22,
    "Z": 0.2,
    "W": 1
  },
  "ImGui_Input_Default_Background": {
    "X": 0.18,
    "Y": 0.18,
    "Z": 0.196,
    "W": 1
  },
  "ImGui_Input_AuxVanilla_Background": {
    "X": 0.2,
    "Y": 0.2,
    "Z": 0.35,
    "W": 1
  },
  "ImGui_Input_DiffCompare_Background": {
    "X": 0.2,
    "Y": 0.2,
    "Z": 0.35,
    "W": 1
  },
  "ImGui_MultipleInput_Background": {
    "X": 0,
    "Y": 0.5,
    "Z": 0,
    "W": 0.1
  },
  "ImGui_ErrorInput_Background": {
    "X": 0.8,
    "Y": 0.2,
    "Z": 0.2,
    "W": 1
  },
  "ImGui_Default_Text_Color": {
    "X": 0.9,
    "Y": 0.9,
    "Z": 0.9,
    "W": 1
  },
  "ImGui_Warning_Text_Color": {
    "X": 1,
    "Y": 0,
    "Z": 0,
    "W": 1
  },
  "ImGui_Benefit_Text_Color": {
    "X": 0,
    "Y": 1,
    "Z": 0,
    "W": 1
  },
  "ImGui_Invalid_Text_Color": {
    "X": 1,
    "Y": 0.3,
    "Z": 0.3,
    "W": 1
  },
  "ImGui_ParamRef_Text": {
    "X": 1,
    "Y": 0.5,
    "Z": 0.5,
    "W": 1
  },
  "ImGui_ParamRefMissing_Text": {
    "X": 0,
    "Y": 0,
    "Z": 0,
    "W": 1
  },
  "ImGui_ParamRefInactive_Text": {
    "X": 0.7,
    "Y": 0.7,
    "Z": 0.7,
    "W": 1
  },
  "ImGui_EnumName_Text": {
    "X": 1,
    "Y": 1,
    "Z": 0,
    "W": 1
  },
  "ImGui_EnumValue_Text": {
    "X": 1,
    "Y": 0.5,
    "Z": 0.5,
    "W": 1
  },
  "ImGui_FmgLink_Text": {
    "X": 1,
    "Y": 1,
    "Z": 0,
    "W": 1
  },
  "ImGui_FmgRef_Text": {
    "X": 1,
    "Y": 0.5,
    "Z": 0.5,
    "W": 1
  },
  "ImGui_FmgRefInactive_Text": {
    "X": 0.7,
    "Y": 0.7,
    "Z": 0.7,
    "W": 1
  },
  "ImGui_IsRef_Text": {
    "X": 1,
    "Y": 0.5,
    "Z": 1,
    "W": 1
  },
  "ImGui_VirtualRef_Text": {
    "X": 1,
    "Y": 0.75,
    "Z": 1,
    "W": 1
  },
  "ImGui_Ref_Text": {
    "X": 1,
    "Y": 0.75,
    "Z": 0.75,
    "W": 1
  },
  "ImGui_AuxConflict_Text": {
    "X": 1,
    "Y": 0.7,
    "Z": 0.7,
    "W": 1
  },
  "ImGui_AuxAdded_Text": {
    "X": 0.7,
    "Y": 0.7,
    "Z": 1,
    "W": 1
  },
  "ImGui_PrimaryChanged_Text": {
    "X": 0.7,
    "Y": 1,
    "Z": 0.7,
    "W": 1
  },
  "ImGui_ParamRow_Text": {
    "X": 0.8,
    "Y": 0.8,
    "Z": 0.8,
    "W": 1
  },
  "ImGui_AliasName_Text": {
    "X": 1,
    "Y": 0.9767442,
    "Z": 0,
    "W": 1
  },
  "ImGui_Logger_Information_Color": {
    "X": 0,
    "Y": 1,
    "Z": 0,
    "W": 1
  },
  "ImGui_Logger_Warning_Color": {
    "X": 1,
    "Y": 0,
    "Z": 0,
    "W": 1
  },
  "ImGui_Logger_Error_Color": {
    "X": 1,
    "Y": 0.5,
    "Z": 0.5,
    "W": 1
  },
  "DisplayGroupEditor_Border_Highlight": {
    "X": 0.5395349,
    "Y": 0.30615467,
    "Z": 0.30615467,
    "W": 1
  },
  "DisplayGroupEditor_DisplayActive_Frame": {
    "X": 0.53488374,
    "Y": 0.2686858,
    "Z": 0.2686858,
    "W": 1
  },
  "DisplayGroupEditor_DisplayActive_Checkbox": {
    "X": 0.62325585,
    "Y": 0.26669553,
    "Z": 0.26669553,
    "W": 1
  },
  "DisplayGroupEditor_DrawActive_Frame": {
    "X": 0.02,
    "Y": 0.3,
    "Z": 0.02,
    "W": 1
  },
  "DisplayGroupEditor_DrawActive_Checkbox": {
    "X": 0.2,
    "Y": 1,
    "Z": 0.2,
    "W": 1
  },
  "DisplayGroupEditor_CombinedActive_Frame": {
    "X": 0.4,
    "Y": 0.4,
    "Z": 0.06,
    "W": 1
  },
  "DisplayGroupEditor_CombinedActive_Checkbox": {
    "X": 1,
    "Y": 1,
    "Z": 0.02,
    "W": 1
  },
  "ImGui_TextEditor_ModifiedTextEntry_Text": {
    "X": 1,
    "Y": 1,
    "Z": 0,
    "W": 1
  },
  "ImGui_TextEditor_UniqueTextEntry_Text": {
    "X": 0.409,
    "Y": 0.967,
    "Z": 0.693,
    "W": 1
  },
  "ImGui_TimeAct_InfoText_1_Color": {
    "X": 1,
    "Y": 1,
    "Z": 0,
    "W": 1
  },
  "ImGui_TimeAct_InfoText_2_Color": {
    "X": 0.409,
    "Y": 0.967,
    "Z": 0.693,
    "W": 1
  },
  "ImGui_TimeAct_InfoText_3_Color": {
    "X": 0.237,
    "Y": 0.925,
    "Z": 1,
    "W": 1
  },
  "ImGui_TimeAct_InfoText_4_Color": {
    "X": 1,
    "Y": 0.47,
    "Z": 0.884,
    "W": 1
  }
}