{
  "ImGui_MainBg": {
    "X": 0.4232558,
    "Y": 0.11614926,
    "Z": 0.39897302,
    "W": 1
  },
  "ImGui_ChildBg": {
    "X": 0.3189253,
    "Y": 0.12114656,
    "Z": 0.32558137,
    "W": 1
  },
  "ImGui_PopupBg": {
    "X": 0.30856508,
    "Y": 0.116430506,
    "Z": 0.32093024,
    "W": 1
  },
  "ImGui_Border": {
    "X": 0.60465115,
    "Y": 0.26435912,
    "Z": 0.5587512,
    "W": 1
  },
  "ImGui_TitleBarBg": {
    "X": 0.43150073,
    "Y": 0.2052136,
    "Z": 0.43255812,
    "W": 1
  },
  "ImGui_TitleBarBg_Active": {
    "X": 0.32558137,
    "Y": 0.119632214,
    "Z": 0.31504443,
    "W": 1
  },
  "ImGui_MenuBarBg": {
    "X": 0.3627907,
    "Y": 0.12992969,
    "Z": 0.3508769,
    "W": 1
  },
  "Imgui_Moveable_MainBg": {
    "X": 0.27906978,
    "Y": 0.08566793,
    "Z": 0.23139401,
    "W": 1
  },
  "Imgui_Moveable_ChildBg": {
    "X": 0.3767442,
    "Y": 0.113899425,
    "Z": 0.34129068,
    "W": 1
  },
  "Imgui_Moveable_ChildBgSecondary": {
    "X": 0.1,
    "Y": 0.1,
    "Z": 0.1,
    "W": 1
  },
  "Imgui_Moveable_TitleBg": {
    "X": 0.38431373,
    "Y": 0.16078432,
    "Z": 0.34117648,
    "W": 1
  },
  "Imgui_Moveable_TitleBg_Active": {
    "X": 0.38604653,
    "Y": 0.1598053,
    "Z": 0.34290287,
    "W": 1
  },
  "Imgui_Moveable_Header": {
    "X": 0.38431373,
    "Y": 0.16078432,
    "Z": 0.34117648,
    "W": 1
  },
  "ImGui_ScrollbarBg": {
    "X": 0.47441858,
    "Y": 0.16990805,
    "Z": 0.34836543,
    "W": 1
  },
  "ImGui_ScrollbarGrab": {
    "X": 0.2949376,
    "Y": 0.12008652,
    "Z": 0.4232558,
    "W": 1
  },
  "ImGui_ScrollbarGrab_Hover": {
    "X": 0.3673437,
    "Y": 0.1990265,
    "Z": 0.46511626,
    "W": 1
  },
  "ImGui_ScrollbarGrab_Active": {
    "X": 0.46350637,
    "Y": 0.30286643,
    "Z": 0.5813954,
    "W": 1
  },
  "ImGui_SliderGrab": {
    "X": 0.29411766,
    "Y": 0.12156863,
    "Z": 0.42352942,
    "W": 1
  },
  "ImGui_SliderGrab_Active": {
    "X": 0.4627451,
    "Y": 0.3019608,
    "Z": 0.5803922,
    "W": 1
  },
  "ImGui_Tab": {
    "X": 0.44968602,
    "Y": 0.13765277,
    "Z": 0.46976745,
    "W": 1
  },
  "ImGui_Tab_Hover": {
    "X": 0.52558136,
    "Y": 0.17356408,
    "Z": 0.5173951,
    "W": 1
  },
  "ImGui_Tab_Active": {
    "X": 0.5921977,
    "Y": 0.2541482,
    "Z": 0.6139535,
    "W": 1
  },
  "ImGui_UnfocusedTab": {
    "X": 0.3955978,
    "Y": 0.16008654,
    "Z": 0.46511626,
    "W": 1
  },
  "ImGui_UnfocusedTab_Active": {
    "X": 0.46407312,
    "Y": 0.15666847,
    "Z": 0.47441858,
    "W": 1
  },
  "ImGui_Button": {
    "X": 0.31027767,
    "Y": 0.16718225,
    "Z": 0.427907,
    "W": 1
  },
  "ImGui_Button_Hovered": {
    "X": 0.3506229,
    "Y": 0.17049217,
    "Z": 0.5162791,
    "W": 1
  },
  "ImGui_ButtonActive": {
    "X": 0.39969167,
    "Y": 0.19100055,
    "Z": 0.5069767,
    "W": 1
  },
  "ImGui_Selection": {
    "X": 0.24212332,
    "Y": 0.17520821,
    "Z": 0.4232558,
    "W": 1
  },
  "ImGui_Selection_Hover": {
    "X": 0.28590032,
    "Y": 0.20988643,
    "Z": 0.45581394,
    "W": 1
  },
  "ImGui_Selection_Active": {
    "X": 0.3221668,
    "Y": 0.23532721,
    "Z": 0.5162791,
    "W": 1
  },
  "ImGui_Input_Background": {
    "X": 0.15372972,
    "Y": 0.113531634,
    "Z": 0.19069767,
    "W": 1
  },
  "ImGui_Input_Background_Hover": {
    "X": 0.18550563,
    "Y": 0.13845322,
    "Z": 0.23255813,
    "W": 1
  },
  "ImGui_Input_Background_Active": {
    "X": 0.21825846,
    "Y": 0.16209842,
    "Z": 0.2744186,
    "W": 1
  },
  "ImGui_Input_CheckMark": {
    "X": 1,
    "Y": 1,
    "Z": 1,
    "W": 1
  },
  "ImGui_Input_Conflict_Background": {
    "X": 0.25,
    "Y": 0.2,
    "Z": 0.2,
    "W": 1
  },
  "ImGui_Input_Vanilla_Background": {
    "X": 0.2,
    "Y": 0.22,
    "Z": 0.2,
    "W": 1
  },
  "ImGui_Input_Default_Background": {
    "X": 0.18,
    "Y": 0.18,
    "Z": 0.196,
    "W": 1
  },
  "ImGui_Input_AuxVanilla_Background": {
    "X": 0.2,
    "Y": 0.2,
    "Z": 0.35,
    "W": 1
  },
  "ImGui_Input_DiffCompare_Background": {
    "X": 0.2,
    "Y": 0.2,
    "Z": 0.35,
    "W": 1
  },
  "ImGui_MultipleInput_Background": {
    "X": 0,
    "Y": 0.5,
    "Z": 0,
    "W": 0.1
  },
  "ImGui_ErrorInput_Background": {
    "X": 0.8,
    "Y": 0.2,
    "Z": 0.2,
    "W": 1
  },
  "ImGui_Default_Text_Color": {
    "X": 0.9,
    "Y": 0.9,
    "Z": 0.9,
    "W": 1
  },
  "ImGui_Warning_Text_Color": {
    "X": 1,
    "Y": 0,
    "Z": 0,
    "W": 1
  },
  "ImGui_Benefit_Text_Color": {
    "X": 0,
    "Y": 1,
    "Z": 0,
    "W": 1
  },
  "ImGui_Invalid_Text_Color": {
    "X": 1,
    "Y": 0.3,
    "Z": 0.3,
    "W": 1
  },
  "ImGui_ParamRef_Text": {
    "X": 1,
    "Y": 0.5,
    "Z": 0.5,
    "W": 1
  },
  "ImGui_ParamRefMissing_Text": {
    "X": 0,
    "Y": 0,
    "Z": 0,
    "W": 1
  },
  "ImGui_ParamRefInactive_Text": {
    "X": 0.7,
    "Y": 0.7,
    "Z": 0.7,
    "W": 1
  },
  "ImGui_EnumName_Text": {
    "X": 1,
    "Y": 1,
    "Z": 0,
    "W": 1
  },
  "ImGui_EnumValue_Text": {
    "X": 1,
    "Y": 0.5,
    "Z": 0.5,
    "W": 1
  },
  "ImGui_FmgLink_Text": {
    "X": 1,
    "Y": 1,
    "Z": 0,
    "W": 1
  },
  "ImGui_FmgRef_Text": {
    "X": 1,
    "Y": 0.5,
    "Z": 0.5,
    "W": 1
  },
  "ImGui_FmgRefInactive_Text": {
    "X": 0.7,
    "Y": 0.7,
    "Z": 0.7,
    "W": 1
  },
  "ImGui_IsRef_Text": {
    "X": 1,
    "Y": 0.5,
    "Z": 1,
    "W": 1
  },
  "ImGui_VirtualRef_Text": {
    "X": 1,
    "Y": 0.75,
    "Z": 1,
    "W": 1
  },
  "ImGui_Ref_Text": {
    "X": 1,
    "Y": 0.75,
    "Z": 0.75,
    "W": 1
  },
  "ImGui_AuxConflict_Text": {
    "X": 1,
    "Y": 0.7,
    "Z": 0.7,
    "W": 1
  },
  "ImGui_AuxAdded_Text": {
    "X": 0.7,
    "Y": 0.7,
    "Z": 1,
    "W": 1
  },
  "ImGui_PrimaryChanged_Text": {
    "X": 0.7,
    "Y": 1,
    "Z": 0.7,
    "W": 1
  },
  "ImGui_ParamRow_Text": {
    "X": 0.8,
    "Y": 0.8,
    "Z": 0.8,
    "W": 1
  },
  "ImGui_AliasName_Text": {
    "X": 1,
    "Y": 1,
    "Z": 0,
    "W": 1
  },
  "ImGui_Logger_Information_Color": {
    "X": 0,
    "Y": 1,
    "Z": 0,
    "W": 1
  },
  "ImGui_Logger_Warning_Color": {
    "X": 1,
    "Y": 0,
    "Z": 0,
    "W": 1
  },
  "ImGui_Logger_Error_Color": {
    "X": 1,
    "Y": 0.5,
    "Z": 0.5,
    "W": 1
  },
  "DisplayGroupEditor_Border_Highlight": {
    "X": 1,
    "Y": 0.2,
    "Z": 0.2,
    "W": 1
  },
  "DisplayGroupEditor_DisplayActive_Frame": {
    "X": 0.4,
    "Y": 0.06,
    "Z": 0.06,
    "W": 1
  },
  "DisplayGroupEditor_DisplayActive_Checkbox": {
    "X": 1,
    "Y": 0.2,
    "Z": 0.2,
    "W": 1
  },
  "DisplayGroupEditor_DrawActive_Frame": {
    "X": 0.02,
    "Y": 0.3,
    "Z": 0.02,
    "W": 1
  },
  "DisplayGroupEditor_DrawActive_Checkbox": {
    "X": 0.2,
    "Y": 1,
    "Z": 0.2,
    "W": 1
  },
  "DisplayGroupEditor_CombinedActive_Frame": {
    "X": 0.4,
    "Y": 0.4,
    "Z": 0.06,
    "W": 1
  },
  "DisplayGroupEditor_CombinedActive_Checkbox": {
    "X": 1,
    "Y": 1,
    "Z": 0.02,
    "W": 1
  },
  "ImGui_TextEditor_ModifiedTextEntry_Text": {
    "X": 1,
    "Y": 1,
    "Z": 0,
    "W": 1
  },
  "ImGui_TextEditor_UniqueTextEntry_Text": {
    "X": 0.409,
    "Y": 0.967,
    "Z": 0.693,
    "W": 1
  },
  "ImGui_TimeAct_InfoText_1_Color": {
    "X": 1,
    "Y": 1,
    "Z": 0,
    "W": 1
  },
  "ImGui_TimeAct_InfoText_2_Color": {
    "X": 0.409,
    "Y": 0.967,
    "Z": 0.693,
    "W": 1
  },
  "ImGui_TimeAct_InfoText_3_Color": {
    "X": 0.237,
    "Y": 0.925,
    "Z": 1,
    "W": 1
  },
  "ImGui_TimeAct_InfoText_4_Color": {
    "X": 1,
    "Y": 0.47,
    "Z": 0.884,
    "W": 1
  }
}